Winner Type,Winner Num,First Player Type,First Player VP,Second Player Type,Second Player VP,Third Player Type,Third Player VP,Fourth Player Type,Fourth Player VP,Number Rounds,Largest Army Player,Largest Army Size,Longest Road Player,Longest Road Size,Num Initial Dots Player 1,Num Initial Dots Player 2,Num Initial Dots Player 3,Num Initial Dots Player 4,MCTS Num Ports,MCTS Num Cities,MCTS Num Settlements,MCTS Num Roads,MCTS Num Knights Played,MCTS Num YOP Played,MCTS Num Monopoly Played,MCTS Num Road Builder Played,MCTS Num VP Dev Cards,MCTS Num Devs Bought,MCTS Total Trades Accepted,MCTS Total Trades Proposed,MCTS Trades Proposed Successfully,Total Trades with Bank,Average Move per Turn,Average Number of Moves Considered by MCTS Algorithm,Average Number of Cycles Run by MCTS Algorithm per Decided Move
MCTS,2,Random,3,MCTS,10,Random,2,,,32,,,2,8,14,27,4,,1,2,4,15,0,0,0,0,0,0,24,44,12,12,8.454545454545455,100.0,10.575418994413408
MCTS,3,Random,5,Random,9,MCTS,10,,,76,2,4,3,12,13,26,18,,3,1,5,15,0,0,0,0,1,1,59,129,38,99,10.532467532467532,100.0,22.03006012024048
MCTS,3,Random,2,Random,2,MCTS,10,,,32,,,3,6,9,16,21,,1,2,4,15,0,0,0,0,0,0,37,44,8,16,9.242424242424242,100.0,15.231527093596059
MCTS,1,MCTS,10,Random,4,Random,5,,,67,3,3,1,12,23,9,25,,0,2,2,15,3,0,1,1,2,7,79,111,36,42,10.17910447761194,100.0,12.536263736263736
MCTS,1,MCTS,10,Random,6,Random,4,,,73,2,4,1,7,22,10,7,,2,3,2,15,3,1,1,0,0,5,84,124,36,54,10.123287671232877,100.0,11.853061224489796
MCTS,3,Random,5,Random,4,MCTS,11,,,46,3,5,3,7,18,13,18,,0,1,4,15,5,1,0,0,1,7,56,71,23,15,9.53191489361702,100.0,12.540350877192983
MCTS,1,MCTS,10,Random,2,Random,2,,,37,,,1,10,20,21,9,,0,3,2,15,1,0,0,0,0,1,47,62,15,18,10.216216216216216,100.0,19.034782608695654
MCTS,1,MCTS,10,Random,3,Random,6,,,63,3,5,1,7,24,8,16,,0,1,5,15,5,0,0,1,1,7,68,109,29,27,10.19047619047619,100.0,12.822384428223843
MCTS,3,Random,3,Random,2,MCTS,10,,,37,,,3,10,18,13,27,,1,3,1,15,1,0,0,0,1,2,46,62,14,25,10.342105263157896,100.0,13.838709677419354
MCTS,1,MCTS,10,Random,4,Random,2,,,47,,,1,9,21,19,10,,1,1,5,15,1,0,0,0,1,2,48,80,20,18,9.893617021276595,100.0,11.843333333333334
MCTS,2,Random,6,MCTS,10,Random,4,,,54,2,3,2,9,9,24,9,,0,2,1,14,3,0,0,0,1,5,61,67,20,32,8.763636363636364,100.0,11.925696594427244
MCTS,2,Random,5,MCTS,10,Random,4,,,83,1,6,2,12,13,21,12,,2,1,5,15,1,0,0,0,1,2,94,145,52,46,9.821428571428571,100.0,12.892307692307693
MCTS,2,Random,8,MCTS,10,Random,4,,,76,1,3,2,10,10,17,7,,0,3,2,15,1,1,0,0,0,2,91,122,33,16,9.402597402597403,100.0,11.017021276595745
MCTS,1,MCTS,10,Random,8,Random,4,,,87,2,4,2,12,18,14,7,,2,3,4,15,1,0,0,0,0,1,120,146,59,70,10.080459770114942,100.0,11.41385135135135
MCTS,1,MCTS,10,Random,5,Random,3,,,42,1,4,1,7,20,13,15,,0,2,2,10,4,0,1,0,0,5,55,72,25,15,9.880952380952381,100.0,12.095238095238095
Random,2,MCTS,2,Random,10,Random,4,,,51,2,4,3,5,15,19,8,,0,0,2,4,0,0,0,0,0,0,55,95,37,3,9.72549019607843,100.0,13.812688821752266
Random,2,MCTS,7,Random,10,Random,6,,,62,3,3,1,9,17,13,11,,0,1,3,15,0,0,0,0,0,0,70,112,26,14,9.951612903225806,100.0,15.172972972972973
MCTS,2,Random,2,MCTS,10,Random,4,,,54,,,2,8,10,22,12,,2,2,3,15,0,0,0,0,1,1,66,88,35,33,9.709090909090909,100.0,11.82
Random,1,Random,10,Random,6,MCTS,2,,,97,2,4,1,6,13,13,21,,1,0,2,2,0,0,0,0,0,0,146,182,58,2,9.75257731958763,100.0,12.656346749226007
MCTS,1,MCTS,10,Random,2,Random,8,,,69,1,5,1,8,22,8,15,,0,1,2,15,5,0,0,0,2,7,71,93,39,22,8.884057971014492,100.0,10.502551020408163
MCTS,2,Random,4,MCTS,10,Random,3,,,66,2,3,2,7,6,25,9,,0,2,1,15,3,0,1,1,1,6,85,112,34,31,10.119402985074627,100.0,12.006756756756756
Random,1,Random,11,MCTS,4,Random,2,,,50,1,3,1,10,14,20,14,,0,1,2,12,0,0,0,0,0,0,58,87,22,15,9.92,100.0,11.19626168224299
Random,3,Random,7,MCTS,4,Random,10,,,55,,,3,7,17,23,17,,1,1,2,6,0,0,0,0,0,0,85,103,29,20,10.196428571428571,100.0,15.639902676399027
MCTS,2,Random,7,MCTS,10,Random,3,,,79,1,3,2,11,12,16,4,,0,4,0,15,2,0,0,0,0,2,63,120,29,34,9.05,100.0,11.435779816513762
MCTS,1,MCTS,10,Random,5,Random,5,,,76,,,1,9,18,10,8,,0,2,4,15,0,1,0,0,0,1,95,127,41,31,9.93421052631579,100.0,12.09016393442623
MCTS,1,MCTS,10,Random,3,Random,6,,,62,,,3,8,23,13,14,,2,2,5,15,2,0,0,0,1,3,61,100,29,27,9.758064516129032,100.0,13.228287841191067
MCTS,3,Random,3,Random,4,MCTS,10,,,54,2,3,3,10,5,21,21,,0,1,4,15,1,0,0,0,2,4,47,78,28,14,8.745454545454546,100.0,10.664495114006515
MCTS,3,Random,5,Random,8,MCTS,10,,,66,,,2,10,13,18,18,,3,3,4,15,1,0,0,0,0,1,88,105,19,61,10.35820895522388,100.0,17.988532110091743
MCTS,3,Random,5,Random,4,MCTS,10,,,50,1,4,3,10,22,9,22,,2,3,2,15,1,0,0,0,0,1,63,89,33,23,10.03921568627451,100.0,14.64516129032258
Random,3,Random,6,MCTS,3,Random,10,,,51,,,1,11,18,20,15,,0,1,1,10,0,0,0,0,0,0,71,91,26,8,9.615384615384615,100.0,17.10557184750733
MCTS,3,Random,5,Random,3,MCTS,10,,,37,,,3,8,21,10,24,,0,4,0,13,0,0,0,0,0,0,47,62,18,25,10.105263157894736,100.0,17.304182509505704
Random,2,MCTS,2,Random,10,Random,5,,,90,2,4,2,10,17,7,13,,1,0,2,5,0,0,0,0,0,0,96,150,48,24,9.244444444444444,100.0,11.092691622103386
MCTS,1,MCTS,10,Random,3,Random,3,,,128,1,3,1,11,11,9,6,,2,0,5,15,3,0,1,0,1,5,125,198,57,53,9.171875,100.0,8.083676268861455
MCTS,3,Random,4,Random,3,MCTS,10,,,64,,,3,8,12,7,19,,0,4,0,14,0,0,1,0,0,1,83,112,24,31,9.76923076923077,100.0,12.071253071253071
MCTS,2,Random,3,MCTS,10,Random,4,,,63,3,5,2,9,4,23,17,,2,2,3,15,0,0,0,0,1,1,81,90,18,42,9.234375,100.0,10.449612403100776
MCTS,3,Random,5,Random,5,MCTS,10,,,64,3,4,3,8,14,12,23,,0,1,4,15,4,0,0,0,0,4,74,115,33,33,10.292307692307693,100.0,14.64367816091954
Random,3,MCTS,2,Random,5,Random,11,,,57,3,3,3,10,22,18,14,,0,0,2,8,0,0,0,0,0,0,88,102,31,8,9.929824561403509,100.0,14.266169154228855
MCTS,3,Random,4,Random,5,MCTS,10,,,102,1,3,3,9,5,11,18,,2,2,4,15,1,0,0,0,0,1,111,148,41,145,10.058252427184467,100.0,11.271844660194175
MCTS,2,Random,3,MCTS,10,Random,2,,,34,,,2,7,15,25,10,,0,3,1,15,1,1,1,1,1,5,35,54,10,15,9.571428571428571,100.0,15.899543378995434
MCTS,3,Random,2,Random,2,MCTS,10,,,55,,,3,12,13,8,23,,0,2,4,15,0,0,1,0,0,1,63,90,25,38,9.964285714285714,100.0,15.296495956873315
MCTS,3,Random,4,Random,6,MCTS,10,,,87,2,3,3,10,19,11,23,,2,2,3,15,1,0,0,0,1,2,96,144,46,44,9.465909090909092,100.0,13.225296442687746
Random,2,MCTS,2,Random,10,Random,9,,,118,2,10,2,8,14,10,13,,0,0,2,4,0,0,0,0,0,0,138,213,61,5,9.601694915254237,100.0,12.603674540682414
MCTS,1,MCTS,10,Random,2,Random,2,,,41,1,3,1,9,13,13,9,,1,1,4,15,3,0,0,0,0,3,53,61,13,19,9.609756097560975,100.0,10.337037037037037
MCTS,1,MCTS,10,Random,2,Random,6,,,78,,,3,10,22,11,13,,0,3,3,15,2,1,0,0,1,4,83,127,40,55,10.256410256410257,100.0,13.718978102189782
MCTS,3,Random,7,Random,2,MCTS,10,,,61,1,3,3,9,13,10,20,,0,2,3,15,1,0,1,0,1,3,66,102,20,22,9.870967741935484,100.0,11.67574931880109
MCTS,3,Random,2,Random,3,MCTS,10,,,57,3,4,3,10,8,11,20,,0,2,0,15,4,0,1,0,2,8,57,88,25,19,9.172413793103448,100.0,11.286118980169972
MCTS,2,Random,5,MCTS,10,Random,3,,,63,1,7,2,9,9,23,15,,0,2,2,15,2,0,0,1,2,5,88,117,38,34,10.3125,100.0,13.20935412026726
MCTS,2,Random,4,MCTS,10,Random,5,,,48,3,3,2,9,7,22,15,,0,3,2,15,0,0,0,0,0,0,61,76,24,14,9.244897959183673,100.0,11.460207612456747
MCTS,3,Random,4,Random,2,MCTS,10,,,52,,,3,9,11,9,21,,0,2,3,15,1,0,0,0,1,2,63,83,27,18,9.283018867924529,100.0,11.541033434650457
MCTS,1,MCTS,10,Random,4,Random,2,,,40,2,3,1,9,16,14,11,,0,2,4,15,0,0,0,0,0,1,37,62,17,14,9.675,100.0,11.68825910931174
MCTS,1,MCTS,10,Random,4,Random,5,,,78,2,5,3,6,12,12,5,,1,4,1,15,2,1,1,0,1,6,100,133,36,17,9.73076923076923,100.0,9.760330578512397
MCTS,3,Random,4,Random,4,MCTS,10,,,53,,,3,10,13,8,20,,0,4,0,14,0,0,0,0,0,0,57,88,30,24,9.555555555555555,100.0,12.695384615384615
MCTS,2,Random,3,MCTS,10,Random,8,,,79,3,7,2,9,16,19,14,,1,3,1,15,0,0,0,0,1,1,89,133,39,71,10.15,100.0,12.847457627118644
MCTS,1,MCTS,10,Random,3,Random,5,,,60,3,4,1,11,17,16,16,,1,1,5,15,0,0,0,0,1,2,69,97,29,26,9.616666666666667,100.0,9.891364902506965
MCTS,2,Random,2,MCTS,10,Random,6,,,76,3,4,2,8,13,21,14,,0,2,4,15,2,2,1,0,0,5,78,135,33,27,9.87012987012987,100.0,11.752155172413794
Random,1,Random,10,Random,2,MCTS,2,,,49,1,4,1,7,17,5,18,,0,0,2,2,0,0,0,0,0,0,80,93,20,0,9.53061224489796,100.0,13.728395061728396
MCTS,1,MCTS,10,Random,3,Random,3,,,97,1,4,1,10,21,8,6,,0,0,5,15,4,0,0,1,1,6,112,163,50,48,9.783505154639176,100.0,10.809369951534734
MCTS,3,Random,2,Random,5,MCTS,10,,,53,2,3,3,9,5,15,21,,0,2,4,15,2,0,0,0,0,2,46,81,17,24,9.351851851851851,100.0,11.779816513761467
Random,3,Random,4,MCTS,2,Random,10,,,95,3,9,1,6,9,19,21,,1,0,2,7,0,0,0,0,0,0,142,178,47,16,9.78125,100.0,11.56682769726248
MCTS,3,Random,2,Random,4,MCTS,10,,,57,3,3,3,6,5,15,14,,3,1,3,12,3,0,0,0,1,4,66,86,22,60,9.793103448275861,100.0,11.315642458100559
MCTS,2,Random,5,MCTS,10,Random,5,,,77,3,5,2,12,14,25,17,,1,2,4,15,1,0,0,0,0,1,107,140,43,42,10.371794871794872,100.0,12.59369202226345
Random,1,Random,10,Random,4,MCTS,2,,,67,,,1,10,18,15,18,,0,0,2,3,0,0,0,0,0,0,104,126,32,2,9.91044776119403,100.0,13.782997762863534
MCTS,2,Random,4,MCTS,10,Random,3,,,40,2,3,2,10,15,20,13,,0,1,4,15,3,0,0,0,0,3,46,67,23,19,9.829268292682928,100.0,16.350943396226416
MCTS,2,Random,3,MCTS,10,Random,2,,,67,2,5,2,7,9,17,7,,2,2,1,15,5,0,0,0,1,6,52,98,27,26,9.029411764705882,100.0,9.796195652173912
MCTS,3,Random,8,Random,2,MCTS,10,,,76,1,3,3,10,13,10,22,,0,4,0,12,0,0,0,0,0,0,95,132,38,38,9.74025974025974,100.0,11.365591397849462
MCTS,3,Random,6,Random,6,MCTS,10,,,130,1,4,2,8,11,7,18,,0,1,5,15,4,1,2,0,3,12,149,206,67,41,9.50381679389313,100.0,11.245982694684796
MCTS,3,Random,3,Random,9,MCTS,10,,,73,2,6,3,12,8,16,19,,0,3,2,15,1,0,0,0,0,1,64,127,35,21,9.635135135135135,100.0,11.966367713004484
MCTS,2,Random,4,MCTS,10,Random,2,,,48,,,2,10,14,19,13,,0,3,2,15,0,0,1,0,0,1,47,74,19,19,9.63265306122449,100.0,11.337931034482759
MCTS,3,Random,4,Random,2,MCTS,10,,,38,,,3,7,14,7,23,,0,2,4,15,0,0,0,0,0,0,53,69,22,14,10.102564102564102,100.0,14.023076923076923
MCTS,3,Random,2,Random,4,MCTS,10,,,54,,,3,10,12,9,18,,1,2,4,15,0,0,0,0,0,0,68,89,30,39,9.945454545454545,100.0,12.72340425531915
MCTS,1,MCTS,11,Random,3,Random,2,,,61,1,4,1,9,17,13,7,,1,1,5,15,4,0,0,0,0,4,80,105,34,16,9.967213114754099,100.0,13.34961439588689
MCTS,3,Random,6,Random,2,MCTS,10,,,59,1,4,3,6,17,13,23,,2,2,4,15,0,1,0,0,0,1,71,99,24,39,10.0,100.0,15.6
MCTS,3,Random,3,Random,7,MCTS,10,,,71,2,8,3,13,13,16,16,,1,2,3,15,5,1,1,0,1,8,86,117,34,28,9.791666666666666,100.0,10.591101694915254
MCTS,1,MCTS,10,Random,2,Random,3,,,42,,,1,7,19,6,19,,1,3,2,15,0,0,0,0,0,0,39,62,22,17,9.404761904761905,100.0,11.776061776061775
MCTS,1,MCTS,10,Random,2,Random,3,,,55,,,1,11,14,18,12,,0,2,4,15,0,0,0,0,0,0,54,89,23,12,9.50909090909091,100.0,11.264615384615384
MCTS,1,MCTS,10,Random,6,Random,2,,,45,2,7,2,11,25,12,16,,2,3,3,15,0,0,0,0,1,1,57,73,22,22,9.822222222222223,100.0,13.195205479452055
MCTS,2,Random,4,MCTS,10,Random,2,,,33,1,4,2,9,9,24,10,,1,2,3,15,1,0,1,0,1,3,35,54,14,20,9.558823529411764,100.0,17.479638009049772
MCTS,2,Random,5,MCTS,10,Random,3,,,58,,,2,10,17,15,10,,0,2,3,15,1,0,0,0,1,2,55,80,26,30,9.11864406779661,100.0,12.396501457725947
MCTS,2,Random,4,MCTS,10,Random,3,,,58,2,4,2,9,20,20,6,,0,3,0,15,4,0,0,0,0,4,66,91,20,32,9.661016949152541,100.0,12.895890410958904
MCTS,2,Random,5,MCTS,10,Random,4,,,59,3,4,1,6,18,23,6,,1,4,1,15,1,1,0,0,1,3,59,96,23,63,10.316666666666666,100.0,14.925837320574162
MCTS,3,Random,3,Random,4,MCTS,10,,,50,,,3,9,8,12,18,,1,2,4,15,0,0,1,0,0,1,66,76,23,19,9.549019607843137,100.0,11.513761467889909
MCTS,3,Random,6,Random,5,MCTS,10,,,70,,,3,10,20,13,23,,2,2,4,15,0,0,0,0,0,0,89,130,36,39,10.154929577464788,100.0,15.338235294117647
MCTS,2,Random,6,MCTS,10,Random,6,,,77,,,3,10,12,18,16,,1,3,3,15,0,0,0,0,1,1,92,133,40,57,10.064102564102564,100.0,13.850094876660341
MCTS,3,Random,2,Random,2,MCTS,10,,,52,3,4,3,10,8,16,19,,0,0,5,15,4,0,0,0,1,5,63,81,18,4,9.245283018867925,100.0,9.258169934640524
MCTS,1,MCTS,10,Random,2,Random,2,,,41,,,1,11,24,18,10,,1,2,4,15,0,0,0,0,0,0,53,71,22,13,10.073170731707316,100.0,14.172535211267606
Random,1,Random,10,Random,3,MCTS,9,,,67,1,3,1,10,18,14,21,,1,2,5,15,0,0,0,0,0,0,91,117,31,34,10.014925373134329,100.0,14.365853658536585
MCTS,3,Random,8,Random,5,MCTS,10,,,69,2,6,3,11,17,14,20,,3,2,4,15,0,0,0,0,0,0,89,116,27,67,10.385714285714286,100.0,15.356993736951983
MCTS,3,Random,2,Random,2,MCTS,10,,,32,3,3,3,9,7,12,21,,0,2,2,12,3,0,0,0,0,3,32,48,11,10,9.484848484848484,100.0,12.787037037037036
MCTS,3,Random,6,Random,4,MCTS,10,,,77,1,4,3,11,8,10,21,,1,1,5,15,0,0,0,0,1,1,91,135,45,26,9.705128205128204,100.0,10.94578313253012
MCTS,1,MCTS,10,Random,5,Random,5,,,52,3,4,1,7,22,12,5,,0,3,1,15,1,0,0,0,1,2,64,80,22,38,10.0,100.0,13.287709497206704
MCTS,3,Random,4,Random,8,MCTS,10,,,63,2,3,2,9,16,9,14,,2,4,2,15,0,0,0,0,0,0,79,107,28,43,9.984375,100.0,13.73798076923077
MCTS,1,MCTS,10,Random,4,Random,6,,,72,3,4,1,13,19,10,10,,0,3,2,15,1,0,1,2,0,4,95,126,37,56,10.25,100.0,14.419878296146045
MCTS,3,Random,3,Random,2,MCTS,10,,,35,,,3,11,13,6,22,,2,2,4,15,1,0,0,1,0,2,33,51,17,16,9.055555555555555,100.0,13.310880829015543
MCTS,3,Random,3,Random,7,MCTS,10,,,53,2,3,3,7,18,23,20,,1,3,2,15,0,0,0,0,0,0,67,94,29,22,9.962962962962964,100.0,15.584302325581396
Random,1,Random,10,Random,2,MCTS,2,,,38,1,3,,,21,11,15,,1,0,2,2,0,0,0,0,0,0,41,67,17,0,9.131578947368421,100.0,13.85344827586207
MCTS,3,Random,6,Random,3,MCTS,10,,,82,3,4,3,9,12,10,28,,0,2,1,15,4,1,2,1,1,9,111,125,26,69,10.108433734939759,100.0,12.683241252302025
MCTS,1,MCTS,10,Random,2,Random,4,,,61,,,1,9,21,9,13,,0,2,4,15,2,0,0,0,0,2,73,104,27,12,9.475409836065573,100.0,11.620218579234972
MCTS,1,MCTS,10,Random,5,Random,2,,,49,1,4,2,6,21,11,13,,0,4,0,13,4,0,0,0,0,4,48,70,20,21,9.204081632653061,100.0,12.124579124579125
MCTS,3,Random,3,Random,4,MCTS,10,,,64,,,3,5,5,9,17,,1,1,5,15,0,1,0,0,1,2,52,101,32,26,9.153846153846153,100.0,11.102272727272727
MCTS,2,Random,3,MCTS,10,Random,4,,,43,3,4,2,7,10,22,8,,0,4,0,15,0,0,0,0,0,0,40,64,21,18,9.159090909090908,100.0,11.035433070866143
MCTS,2,Random,5,MCTS,10,Random,2,,,54,2,3,2,9,20,17,5,,0,2,1,9,3,0,0,0,1,4,52,76,25,9,8.89090909090909,100.0,12.436893203883495
MCTS,3,Random,3,Random,4,MCTS,10,,,73,,,2,8,3,9,22,,2,1,5,15,2,0,0,0,3,5,75,108,31,63,9.5,100.0,10.805383022774327
MCTS,3,Random,2,Random,5,MCTS,10,,,47,,,3,10,11,12,21,,1,3,2,15,1,0,0,0,0,1,54,70,24,29,9.666666666666666,100.0,15.767973856209151
MCTS,2,Random,5,MCTS,10,Random,7,,,89,3,4,2,12,13,19,5,,2,2,3,15,4,2,1,0,1,8,100,138,39,43,9.555555555555555,100.0,11.111711711711711
MCTS,3,Random,6,Random,2,MCTS,10,,,55,1,3,3,10,17,4,21,,1,3,2,15,0,0,0,0,0,0,56,90,36,61,10.142857142857142,100.0,13.095854922279793
Random,1,Random,10,MCTS,2,Random,7,,,58,1,4,1,9,16,10,19,,1,0,2,2,0,0,0,0,0,0,80,106,34,0,9.706896551724139,100.0,16.63254593175853
MCTS,2,Random,2,MCTS,10,Random,2,,,40,2,4,2,7,10,26,6,,1,0,3,12,4,0,0,0,3,7,40,62,17,11,9.0,100.0,10.323404255319149
MCTS,1,MCTS,10,Random,2,Random,5,,,42,,,1,10,24,14,12,,0,3,2,15,1,0,0,0,0,1,54,60,17,23,9.80952380952381,100.0,13.932075471698113
MCTS,2,Random,5,MCTS,10,Random,3,,,63,1,3,2,8,8,23,10,,1,2,4,15,0,0,0,0,0,0,67,93,21,48,9.625,100.0,11.530712530712531
Random,3,MCTS,7,Random,2,Random,10,,,65,,,1,11,20,12,15,,0,0,5,15,0,0,0,0,0,0,71,111,24,23,9.8,100.0,14.022277227722773
MCTS,1,MCTS,10,Random,3,Random,2,,,35,,,1,10,23,16,8,,0,3,2,15,0,0,0,0,0,0,48,59,24,18,9.857142857142858,100.0,14.970338983050848
MCTS,2,Random,3,MCTS,10,Random,3,,,68,,,2,9,6,20,13,,0,2,3,15,0,0,0,0,1,1,86,108,33,26,9.420289855072463,100.0,12.257540603248259
MCTS,3,Random,5,Random,4,MCTS,10,,,48,,,3,8,14,18,18,,1,2,4,15,0,0,0,0,0,0,61,88,24,18,10.081632653061224,100.0,13.937106918238994
MCTS,3,Random,5,Random,2,MCTS,10,,,50,1,4,3,11,15,9,22,,2,3,2,15,0,0,0,0,0,0,61,90,21,28,10.313725490196079,100.0,13.793785310734464
MCTS,3,Random,5,Random,2,MCTS,10,,,37,1,3,3,5,13,11,24,,0,3,2,15,0,0,0,0,0,0,51,60,20,25,9.736842105263158,100.0,15.046511627906977
MCTS,2,Random,4,MCTS,10,Random,2,,,47,,,2,10,16,16,7,,1,2,4,15,0,0,0,0,0,0,31,70,22,9,8.958333333333334,100.0,13.138075313807532
MCTS,3,Random,3,Random,5,MCTS,10,,,49,,,3,9,6,21,26,,1,2,4,15,1,0,0,0,0,1,56,79,26,59,10.5,100.0,16.97229916897507
MCTS,2,Random,2,MCTS,10,Random,2,,,36,,,2,8,6,21,11,,1,2,4,15,1,0,0,0,0,1,34,65,16,11,9.81081081081081,100.0,14.65929203539823
Random,1,Random,10,Random,2,MCTS,2,,,96,1,5,1,8,14,7,23,,0,0,2,8,0,0,0,0,0,0,140,170,53,11,9.46875,100.0,14.52132701421801
MCTS,3,Random,2,Random,3,MCTS,10,,,33,,,3,9,10,11,23,,0,2,4,15,1,1,0,0,0,2,33,46,13,10,8.705882352941176,100.0,12.063492063492063
MCTS,2,Random,2,MCTS,10,Random,5,,,44,,,2,10,2,25,17,,1,2,2,15,2,0,0,0,2,4,58,73,21,19,9.533333333333333,100.0,11.893835616438356
MCTS,2,Random,5,MCTS,10,Random,8,,,115,3,3,1,11,9,21,8,,4,2,5,15,2,1,0,1,1,5,127,200,57,194,11.068965517241379,100.0,16.518823529411765
MCTS,1,MCTS,10,Random,4,Random,2,,,58,,,1,6,20,13,13,,0,3,2,15,0,0,0,0,0,0,86,87,25,31,9.637931034482758,100.0,11.53083109919571
MCTS,1,MCTS,10,Random,2,Random,5,,,60,,,1,10,19,10,17,,0,2,3,15,0,1,0,0,1,2,55,93,22,19,9.366666666666667,100.0,13.448377581120944
MCTS,3,Random,5,Random,6,MCTS,10,,,59,2,4,3,11,16,11,23,,3,2,4,15,1,0,0,0,0,1,69,106,26,50,10.466666666666667,100.0,16.45774647887324
Random,1,Random,10,Random,6,MCTS,2,,,60,1,4,1,9,17,20,9,,0,0,2,2,0,0,0,0,0,0,90,103,30,0,9.483333333333333,100.0,16.81201044386423
MCTS,3,Random,5,Random,2,MCTS,10,,,40,,,3,10,14,7,23,,0,3,2,15,0,0,0,0,0,0,43,64,19,15,9.609756097560975,100.0,12.383064516129032
Random,2,MCTS,7,Random,10,Random,7,,,110,2,4,3,11,15,12,9,,2,1,5,15,1,0,0,0,0,1,140,195,52,83,10.354545454545455,100.0,17.036535859269282
MCTS,2,Random,4,MCTS,10,Random,5,,,47,3,3,2,10,12,21,15,,0,3,2,15,0,0,0,0,0,0,65,78,30,28,9.9375,100.0,14.153846153846153
MCTS,3,Random,2,Random,4,MCTS,10,,,31,,,3,7,18,21,25,,1,3,1,12,0,0,0,0,1,1,36,49,10,31,10.375,100.0,17.83710407239819
MCTS,2,Random,8,MCTS,10,Random,4,,,78,1,7,2,7,18,23,7,,0,2,3,15,1,0,0,0,1,2,95,123,30,54,9.924050632911392,100.0,13.293560606060606
MCTS,1,MCTS,10,Random,3,Random,4,,,43,,,1,9,24,14,20,,0,4,0,14,2,0,0,0,0,2,50,61,15,24,9.720930232558139,100.0,13.71480144404332
MCTS,1,MCTS,10,Random,5,Random,3,,,78,,,1,9,21,12,8,,0,2,4,15,2,0,0,0,0,3,101,133,44,31,9.846153846153847,100.0,14.395491803278688
MCTS,2,Random,5,MCTS,11,Random,5,,,61,2,5,1,10,9,16,14,,0,3,3,15,5,0,0,0,0,6,88,112,33,34,10.338709677419354,100.0,13.59016393442623
Random,2,MCTS,4,Random,10,Random,6,,,164,2,9,1,8,17,14,3,,1,0,2,9,0,0,0,0,0,0,215,277,81,27,9.213414634146341,100.0,10.301020408163266
MCTS,3,Random,7,Random,5,MCTS,10,,,60,2,4,3,9,14,9,19,,1,4,0,15,0,0,0,0,0,0,75,100,37,34,10.049180327868852,100.0,11.3
MCTS,3,Random,3,Random,6,MCTS,10,,,89,,,2,9,7,14,15,,1,4,2,15,0,0,0,0,0,0,91,135,34,31,9.133333333333333,100.0,10.27659574468085
MCTS,2,Random,3,MCTS,10,Random,2,,,50,2,6,2,7,18,25,4,,0,2,1,15,6,1,1,0,1,9,47,76,26,13,9.490196078431373,100.0,10.251515151515152
MCTS,1,MCTS,10,Random,9,Random,4,,,55,2,4,2,11,25,17,17,,1,4,2,15,0,0,0,0,0,0,64,100,32,54,11.054545454545455,100.0,18.06766917293233
MCTS,1,MCTS,10,Random,2,Random,2,,,65,,,1,8,15,6,7,,1,2,4,15,0,0,0,0,0,2,69,94,33,29,9.046153846153846,100.0,9.049180327868852
MCTS,3,Random,8,Random,4,MCTS,10,,,74,1,5,3,11,12,13,21,,0,2,4,15,0,0,0,0,0,0,95,130,36,32,10.04,100.0,14.36111111111111
MCTS,2,Random,2,MCTS,10,Random,4,,,55,3,5,2,10,7,16,13,,1,1,5,15,0,0,0,0,1,1,62,92,26,16,9.464285714285714,100.0,11.359516616314199
MCTS,1,MCTS,10,Random,2,Random,8,,,78,3,4,1,10,21,22,14,,2,1,5,15,1,0,0,0,1,2,93,125,27,36,9.794871794871796,100.0,13.789690721649485
MCTS,3,Random,6,Random,4,MCTS,10,,,130,1,5,3,10,16,5,20,,2,1,5,15,5,0,0,0,1,6,140,226,65,128,10.282442748091603,100.0,13.768321513002364
MCTS,3,Random,2,Random,5,MCTS,11,,,70,2,5,3,7,6,11,22,,0,4,0,15,2,0,0,0,1,3,107,113,36,50,9.873239436619718,100.0,10.969574036511156
MCTS,3,Random,5,Random,4,MCTS,10,,,54,2,4,3,8,7,9,24,,0,2,1,12,4,0,2,0,3,9,60,75,18,22,9.345454545454546,100.0,12.3312693498452
MCTS,2,Random,3,MCTS,10,Random,3,,,62,,,2,8,8,22,15,,2,2,4,15,1,0,0,0,0,1,63,102,27,33,9.698412698412698,100.0,12.546632124352332
MCTS,2,Random,7,MCTS,10,Random,4,,,51,1,3,2,11,16,17,13,,0,4,0,15,0,0,0,0,0,0,68,80,23,23,9.557692307692308,100.0,11.8348623853211
MCTS,1,MCTS,10,Random,5,Random,5,,,80,2,4,1,7,23,12,13,,1,3,1,15,2,1,0,0,1,4,89,137,40,35,9.975,100.0,13.328031809145129
Random,2,MCTS,4,Random,10,Random,4,,,64,,,3,12,19,15,8,,0,2,0,6,0,0,0,0,0,0,100,116,38,7,9.875,100.0,21.238636363636363
MCTS,2,Random,2,MCTS,10,Random,3,,,42,,,2,9,12,27,16,,0,3,1,13,0,0,0,1,1,2,52,63,20,17,9.372093023255815,100.0,12.370503597122303
MCTS,1,MCTS,10,Random,7,Random,3,,,56,2,3,1,9,20,13,14,,1,2,4,15,1,0,0,0,0,2,64,82,21,20,9.410714285714286,100.0,12.00609756097561
MCTS,3,Random,3,Random,4,MCTS,10,,,77,,,3,13,14,11,17,,1,2,4,15,0,0,0,0,0,0,90,132,41,41,9.692307692307692,100.0,12.309278350515465
MCTS,2,Random,3,MCTS,10,Random,7,,,67,3,3,2,11,17,14,14,,1,4,0,12,3,0,0,0,0,3,73,121,30,59,10.588235294117647,100.0,15.442265795206971
Random,1,Random,10,Random,6,MCTS,4,,,69,1,4,2,8,20,13,20,,0,2,0,2,0,0,0,0,0,0,100,127,36,8,9.927536231884059,100.0,14.021186440677965
Random,3,MCTS,9,Random,2,Random,10,,,85,3,4,1,13,16,4,22,,1,1,5,15,1,0,0,0,0,2,97,137,38,71,9.976470588235294,100.0,12.84575389948007
